2023/5/1,30000,9:00,600000,17:00,111111,222222,1:00,クレーン協会株式会社,北海道風力発電所1号機サイト,テストテストテスト
2023/5/2,30000,9:00,600000,17:00,111111,222222,1:00,クレーン協会株式会社,北海道風力発電所1号機サイト,テストテストテスト
2023/5/3,30000,9:00,600000,17:00,111111,222222,1:00,クレーン協会株式会社,北海道風力発電所1号機サイト,テストテストテスト
2023/5/4,30000,9:00,600000,17:00,111111,222222,1:00,クレーン協会株式会社,北海道風力発電所1号機サイト,テストテストテスト
2023/5/5,30000,9:00,600000,17:00,111111,222222,1:00,クレーン協会株式会社,北海道風力発電所1号機サイト,テストテストテスト
2023/5/6,30000,9:00,600000,17:00,111111,222222,1:00,クレーン協会株式会社,北海道風力発電所1号機サイト,テストテストテスト
2023/5/7,30000,9:00,600000,17:00,111111,222222,1:00,クレーン協会株式会社,北海道風力発電所1号機サイト,テストテストテスト
2023/5/8,30000,9:00,600000,17:00,111111,222222,1:00,クレーン協会株式会社,北海道風力発電所1号機サイト,テストテストテスト
2023/5/9,30000,9:00,600000,17:00,111111,222222,1:00,クレーン協会株式会社,北海道風力発電所1号機サイト,テストテストテスト
2023/5/10,30000,9:00,600000,17:00,111111,222222,1:00,クレーン協会株式会社,北海道風力発電所1号機サイト,テストテストテスト
2023/5/11,30000,9:00,600000,17:00,111111,222222,1:00,クレーン協会株式会社,北海道風力発電所1号機サイト,テストテストテスト
2023/5/12,30000,9:00,600000,17:00,111111,222222,1:00,クレーン協会株式会社,北海道風力発電所1号機サイト,テストテストテスト
2023/5/13,30000,9:00,600000,17:00,111111,222222,1:00,クレーン協会株式会社,北海道風力発電所1号機サイト,テストテストテスト
2023/5/14,30000,9:00,600000,17:00,111111,222222,1:00,クレーン協会株式会社,北海道風力発電所1号機サイト,テストテストテスト
2023/5/15,30000,9:00,600000,17:00,111111,222222,1:00,クレーン協会株式会社,北海道風力発電所1号機サイト,テストテストテスト
2023/5/16,30000,9:00,600000,17:00,111111,222222,1:00,クレーン協会株式会社,北海道風力発電所1号機サイト,テストテストテスト
2023/5/17,30000,9:00,600000,17:00,111111,222222,1:00,クレーン協会株式会社,北海道風力発電所1号機サイト,テストテストテスト
2023/5/18,30000,9:00,600000,17:00,111111,222222,1:00,クレーン協会株式会社,北海道風力発電所1号機サイト,テストテストテスト
2023/5/19,30000,9:00,600000,17:00,111111,222222,1:00,クレーン協会株式会社,北海道風力発電所1号機サイト,テストテストテスト
2023/5/20,30000,9:00,600000,17:00,111111,222222,1:00,クレーン協会株式会社,北海道風力発電所1号機サイト,テストテストテスト
2023/5/21,30000,9:00,600000,17:00,111111,222222,1:00,クレーン協会株式会社,北海道風力発電所1号機サイト,テストテストテスト
2023/5/22,30000,9:00,600000,17:00,111111,222222,1:00,クレーン協会株式会社,北海道風力発電所1号機サイト,テストテストテスト
2023/5/23,30000,9:00,600000,17:00,111111,222222,1:00,クレーン協会株式会社,北海道風力発電所1号機サイト,テストテストテスト
2023/5/24,30000,9:00,600000,17:00,111111,222222,1:00,クレーン協会株式会社,北海道風力発電所1号機サイト,テストテストテスト
2023/5/25,30000,9:00,600000,17:00,111111,222222,1:00,クレーン協会株式会社,北海道風力発電所1号機サイト,テストテストテスト
2023/5/26,30000,9:00,600000,17:00,111111,222222,1:00,クレーン協会株式会社,北海道風力発電所1号機サイト,テストテストテスト
2023/5/27,30000,9:00,600000,17:00,111111,222222,1:00,クレーン協会株式会社,北海道風力発電所1号機サイト,テストテストテスト
2023/5/28,30000,9:00,600000,17:00,111111,222222,1:00,クレーン協会株式会社,北海道風力発電所1号機サイト,テストテストテスト
2023/5/29,30000,9:00,600000,17:00,111111,222222,1:00,クレーン協会株式会社,北海道風力発電所1号機サイト,テストテストテスト
